{"cameraMode":{"drawMode":0,"name":"Shaded","section":"Shading Mode"},"sceneLighting":false,"audioPlay":false,"sceneViewState":{"showFog":true,"showMaterialUpdate":false,"showSkybox":false,"showFlares":true,"showImageEffects":true,"showParticleSystems":true},"in2DMode":false,"pivot":{"x":0.8088876605033875,"y":1.767412781715393,"z":0.37682056427001955},"rotation":{"x":0.08537114411592484,"y":0.023909710347652437,"z":-0.002049210714176297,"w":0.9960615038871765},"size":3.133209228515625,"orthographic":false}