{"cameraMode":{"drawMode":0,"name":"Shaded","section":"Shading Mode"},"sceneLighting":true,"audioPlay":false,"sceneViewState":{"showFog":true,"showMaterialUpdate":false,"showSkybox":false,"showFlares":true,"showImageEffects":true,"showParticleSystems":true},"in2DMode":false,"pivot":{"x":8.419899940490723,"y":-7.520608425140381,"z":47.15636444091797},"rotation":{"x":-0.10753832757472992,"y":-0.0679563507437706,"z":0.007371438667178154,"w":-0.9918557405471802},"size":31.198331832885743,"orthographic":false}