{"cameraMode":{"drawMode":0,"name":"Shaded","section":"Shading Mode"},"sceneLighting":false,"audioPlay":false,"sceneViewState":{"showFog":true,"showMaterialUpdate":false,"showSkybox":false,"showFlares":true,"showImageEffects":true,"showParticleSystems":true},"in2DMode":false,"pivot":{"x":0.032981157302856448,"y":0.7485089302062988,"z":-0.03298106789588928},"rotation":{"x":-0.10753832757472992,"y":-0.0679563507437706,"z":0.007371438667178154,"w":-0.9918557405471802},"size":1.3487672805786133,"orthographic":false}