{"cameraMode":{"drawMode":0,"name":"Shaded","section":"Shading Mode"},"sceneLighting":false,"audioPlay":false,"sceneViewState":{"showFog":true,"showMaterialUpdate":false,"showSkybox":false,"showFlares":true,"showImageEffects":true,"showParticleSystems":true},"in2DMode":false,"pivot":{"x":33.504051208496097,"y":35.62831115722656,"z":33.96579360961914},"rotation":{"x":0.03826803341507912,"y":0.5251361727714539,"z":-0.023646866902709008,"w":0.8498297929763794},"size":81.48230743408203,"orthographic":false}